end,start,tweet_count,name,artist_id
2022-09-02T00:00:00.000Z,2022-09-01T00:00:00.000Z,338,6LACK,4IVAbR2w4JJNJDDRFP3E83
2022-09-03T00:00:00.000Z,2022-09-02T00:00:00.000Z,309,6LACK,4IVAbR2w4JJNJDDRFP3E83
2022-09-04T00:00:00.000Z,2022-09-03T00:00:00.000Z,216,6LACK,4IVAbR2w4JJNJDDRFP3E83
2022-09-05T00:00:00.000Z,2022-09-04T00:00:00.000Z,206,6LACK,4IVAbR2w4JJNJDDRFP3E83
2022-09-06T00:00:00.000Z,2022-09-05T00:00:00.000Z,366,6LACK,4IVAbR2w4JJNJDDRFP3E83
2022-09-07T00:00:00.000Z,2022-09-06T00:00:00.000Z,323,6LACK,4IVAbR2w4JJNJDDRFP3E83
2022-09-08T00:00:00.000Z,2022-09-07T00:00:00.000Z,314,6LACK,4IVAbR2w4JJNJDDRFP3E83
2022-09-09T00:00:00.000Z,2022-09-08T00:00:00.000Z,575,6LACK,4IVAbR2w4JJNJDDRFP3E83
2022-09-10T00:00:00.000Z,2022-09-09T00:00:00.000Z,1262,6LACK,4IVAbR2w4JJNJDDRFP3E83
2022-09-11T00:00:00.000Z,2022-09-10T00:00:00.000Z,1307,6LACK,4IVAbR2w4JJNJDDRFP3E83
2022-09-12T00:00:00.000Z,2022-09-11T00:00:00.000Z,469,6LACK,4IVAbR2w4JJNJDDRFP3E83
2022-09-13T00:00:00.000Z,2022-09-12T00:00:00.000Z,332,6LACK,4IVAbR2w4JJNJDDRFP3E83
2022-09-14T00:00:00.000Z,2022-09-13T00:00:00.000Z,808,6LACK,4IVAbR2w4JJNJDDRFP3E83
2022-09-15T00:00:00.000Z,2022-09-14T00:00:00.000Z,1673,6LACK,4IVAbR2w4JJNJDDRFP3E83
2022-09-16T00:00:00.000Z,2022-09-15T00:00:00.000Z,1079,6LACK,4IVAbR2w4JJNJDDRFP3E83
2022-09-17T00:00:00.000Z,2022-09-16T00:00:00.000Z,751,6LACK,4IVAbR2w4JJNJDDRFP3E83
2022-09-18T00:00:00.000Z,2022-09-17T00:00:00.000Z,372,6LACK,4IVAbR2w4JJNJDDRFP3E83
2022-09-19T00:00:00.000Z,2022-09-18T00:00:00.000Z,330,6LACK,4IVAbR2w4JJNJDDRFP3E83
2022-09-20T00:00:00.000Z,2022-09-19T00:00:00.000Z,3171,6LACK,4IVAbR2w4JJNJDDRFP3E83
2022-09-21T00:00:00.000Z,2022-09-20T00:00:00.000Z,2022,6LACK,4IVAbR2w4JJNJDDRFP3E83
2022-09-22T00:00:00.000Z,2022-09-21T00:00:00.000Z,845,6LACK,4IVAbR2w4JJNJDDRFP3E83
2022-09-23T00:00:00.000Z,2022-09-22T00:00:00.000Z,979,6LACK,4IVAbR2w4JJNJDDRFP3E83
2022-09-24T00:00:00.000Z,2022-09-23T00:00:00.000Z,523,6LACK,4IVAbR2w4JJNJDDRFP3E83
2022-09-25T00:00:00.000Z,2022-09-24T00:00:00.000Z,398,6LACK,4IVAbR2w4JJNJDDRFP3E83
2022-09-26T00:00:00.000Z,2022-09-25T00:00:00.000Z,546,6LACK,4IVAbR2w4JJNJDDRFP3E83
2022-09-27T00:00:00.000Z,2022-09-26T00:00:00.000Z,650,6LACK,4IVAbR2w4JJNJDDRFP3E83
2022-09-28T00:00:00.000Z,2022-09-27T00:00:00.000Z,404,6LACK,4IVAbR2w4JJNJDDRFP3E83
2022-09-29T00:00:00.000Z,2022-09-28T00:00:00.000Z,388,6LACK,4IVAbR2w4JJNJDDRFP3E83
2022-09-30T00:00:00.000Z,2022-09-29T00:00:00.000Z,663,6LACK,4IVAbR2w4JJNJDDRFP3E83
2022-10-01T00:00:00.000Z,2022-09-30T00:00:00.000Z,787,6LACK,4IVAbR2w4JJNJDDRFP3E83
2022-09-01T00:00:00.000Z,2022-08-31T00:00:00.000Z,272,6LACK,4IVAbR2w4JJNJDDRFP3E83
2022-09-01T00:00:00.000Z,2022-08-31T00:00:00.000Z,2476,Bad Bunny,4q3ewBCX7sLwd24euuV69X
2022-09-02T00:00:00.000Z,2022-09-01T00:00:00.000Z,1622,Bad Bunny,5q3ewBCX7sLwd24euuV69X
2022-09-03T00:00:00.000Z,2022-09-02T00:00:00.000Z,1398,Bad Bunny,6q3ewBCX7sLwd24euuV69X
2022-09-04T00:00:00.000Z,2022-09-03T00:00:00.000Z,1459,Bad Bunny,7q3ewBCX7sLwd24euuV69X
2022-09-05T00:00:00.000Z,2022-09-04T00:00:00.000Z,1350,Bad Bunny,8q3ewBCX7sLwd24euuV69X
2022-09-06T00:00:00.000Z,2022-09-05T00:00:00.000Z,1624,Bad Bunny,9q3ewBCX7sLwd24euuV69X
2022-09-07T00:00:00.000Z,2022-09-06T00:00:00.000Z,2266,Bad Bunny,10q3ewBCX7sLwd24euuV69X
2022-09-08T00:00:00.000Z,2022-09-07T00:00:00.000Z,1942,Bad Bunny,11q3ewBCX7sLwd24euuV69X
2022-09-09T00:00:00.000Z,2022-09-08T00:00:00.000Z,1468,Bad Bunny,12q3ewBCX7sLwd24euuV69X
2022-09-10T00:00:00.000Z,2022-09-09T00:00:00.000Z,1521,Bad Bunny,13q3ewBCX7sLwd24euuV69X
2022-09-11T00:00:00.000Z,2022-09-10T00:00:00.000Z,1114,Bad Bunny,14q3ewBCX7sLwd24euuV69X
2022-09-12T00:00:00.000Z,2022-09-11T00:00:00.000Z,1396,Bad Bunny,15q3ewBCX7sLwd24euuV69X
2022-09-13T00:00:00.000Z,2022-09-12T00:00:00.000Z,1542,Bad Bunny,16q3ewBCX7sLwd24euuV69X
2022-09-14T00:00:00.000Z,2022-09-13T00:00:00.000Z,1059,Bad Bunny,17q3ewBCX7sLwd24euuV69X
2022-09-15T00:00:00.000Z,2022-09-14T00:00:00.000Z,1362,Bad Bunny,18q3ewBCX7sLwd24euuV69X
2022-09-16T00:00:00.000Z,2022-09-15T00:00:00.000Z,1463,Bad Bunny,19q3ewBCX7sLwd24euuV69X
2022-09-17T00:00:00.000Z,2022-09-16T00:00:00.000Z,1959,Bad Bunny,20q3ewBCX7sLwd24euuV69X
2022-09-18T00:00:00.000Z,2022-09-17T00:00:00.000Z,2706,Bad Bunny,21q3ewBCX7sLwd24euuV69X
2022-09-19T00:00:00.000Z,2022-09-18T00:00:00.000Z,1870,Bad Bunny,22q3ewBCX7sLwd24euuV69X
2022-09-20T00:00:00.000Z,2022-09-19T00:00:00.000Z,5405,Bad Bunny,23q3ewBCX7sLwd24euuV69X
2022-09-21T00:00:00.000Z,2022-09-20T00:00:00.000Z,2041,Bad Bunny,24q3ewBCX7sLwd24euuV69X
2022-09-22T00:00:00.000Z,2022-09-21T00:00:00.000Z,1436,Bad Bunny,25q3ewBCX7sLwd24euuV69X
2022-09-23T00:00:00.000Z,2022-09-22T00:00:00.000Z,1325,Bad Bunny,26q3ewBCX7sLwd24euuV69X
2022-09-24T00:00:00.000Z,2022-09-23T00:00:00.000Z,2132,Bad Bunny,27q3ewBCX7sLwd24euuV69X
2022-09-25T00:00:00.000Z,2022-09-24T00:00:00.000Z,1467,Bad Bunny,28q3ewBCX7sLwd24euuV69X
2022-09-26T00:00:00.000Z,2022-09-25T00:00:00.000Z,1634,Bad Bunny,29q3ewBCX7sLwd24euuV69X
2022-09-27T00:00:00.000Z,2022-09-26T00:00:00.000Z,2527,Bad Bunny,30q3ewBCX7sLwd24euuV69X
2022-09-28T00:00:00.000Z,2022-09-27T00:00:00.000Z,2190,Bad Bunny,31q3ewBCX7sLwd24euuV69X
2022-09-29T00:00:00.000Z,2022-09-28T00:00:00.000Z,1715,Bad Bunny,32q3ewBCX7sLwd24euuV69X
2022-09-30T00:00:00.000Z,2022-09-29T00:00:00.000Z,1900,Bad Bunny,33q3ewBCX7sLwd24euuV69X
2022-10-01T00:00:00.000Z,2022-09-30T00:00:00.000Z,1953,Bad Bunny,34q3ewBCX7sLwd24euuV69X
2022-09-01T00:00:00.000Z,2022-08-31T00:00:00.000Z,1005,Brent Faiyaz,3tlXnStJ1fFhdScmQeLpuG
2022-09-02T00:00:00.000Z,2022-09-01T00:00:00.000Z,1390,Brent Faiyaz,4tlXnStJ1fFhdScmQeLpuG
2022-09-03T00:00:00.000Z,2022-09-02T00:00:00.000Z,1217,Brent Faiyaz,5tlXnStJ1fFhdScmQeLpuG
2022-09-04T00:00:00.000Z,2022-09-03T00:00:00.000Z,204,Brent Faiyaz,6tlXnStJ1fFhdScmQeLpuG
2022-09-05T00:00:00.000Z,2022-09-04T00:00:00.000Z,172,Brent Faiyaz,7tlXnStJ1fFhdScmQeLpuG
2022-09-06T00:00:00.000Z,2022-09-05T00:00:00.000Z,141,Brent Faiyaz,8tlXnStJ1fFhdScmQeLpuG
2022-09-07T00:00:00.000Z,2022-09-06T00:00:00.000Z,4459,Brent Faiyaz,9tlXnStJ1fFhdScmQeLpuG
2022-09-08T00:00:00.000Z,2022-09-07T00:00:00.000Z,1883,Brent Faiyaz,10tlXnStJ1fFhdScmQeLpuG
2022-09-09T00:00:00.000Z,2022-09-08T00:00:00.000Z,2983,Brent Faiyaz,11tlXnStJ1fFhdScmQeLpuG
2022-09-10T00:00:00.000Z,2022-09-09T00:00:00.000Z,2147,Brent Faiyaz,12tlXnStJ1fFhdScmQeLpuG
2022-09-11T00:00:00.000Z,2022-09-10T00:00:00.000Z,609,Brent Faiyaz,13tlXnStJ1fFhdScmQeLpuG
2022-09-12T00:00:00.000Z,2022-09-11T00:00:00.000Z,2516,Brent Faiyaz,14tlXnStJ1fFhdScmQeLpuG
2022-09-13T00:00:00.000Z,2022-09-12T00:00:00.000Z,1633,Brent Faiyaz,15tlXnStJ1fFhdScmQeLpuG
2022-09-14T00:00:00.000Z,2022-09-13T00:00:00.000Z,566,Brent Faiyaz,16tlXnStJ1fFhdScmQeLpuG
2022-09-15T00:00:00.000Z,2022-09-14T00:00:00.000Z,13829,Brent Faiyaz,17tlXnStJ1fFhdScmQeLpuG
2022-09-16T00:00:00.000Z,2022-09-15T00:00:00.000Z,3892,Brent Faiyaz,18tlXnStJ1fFhdScmQeLpuG
2022-09-17T00:00:00.000Z,2022-09-16T00:00:00.000Z,826,Brent Faiyaz,19tlXnStJ1fFhdScmQeLpuG
2022-09-18T00:00:00.000Z,2022-09-17T00:00:00.000Z,300,Brent Faiyaz,20tlXnStJ1fFhdScmQeLpuG
2022-09-19T00:00:00.000Z,2022-09-18T00:00:00.000Z,712,Brent Faiyaz,21tlXnStJ1fFhdScmQeLpuG
2022-09-20T00:00:00.000Z,2022-09-19T00:00:00.000Z,369,Brent Faiyaz,22tlXnStJ1fFhdScmQeLpuG
2022-09-21T00:00:00.000Z,2022-09-20T00:00:00.000Z,4413,Brent Faiyaz,23tlXnStJ1fFhdScmQeLpuG
2022-09-22T00:00:00.000Z,2022-09-21T00:00:00.000Z,2501,Brent Faiyaz,24tlXnStJ1fFhdScmQeLpuG
2022-09-23T00:00:00.000Z,2022-09-22T00:00:00.000Z,949,Brent Faiyaz,25tlXnStJ1fFhdScmQeLpuG
2022-09-24T00:00:00.000Z,2022-09-23T00:00:00.000Z,1614,Brent Faiyaz,26tlXnStJ1fFhdScmQeLpuG
2022-09-25T00:00:00.000Z,2022-09-24T00:00:00.000Z,2995,Brent Faiyaz,27tlXnStJ1fFhdScmQeLpuG
2022-09-26T00:00:00.000Z,2022-09-25T00:00:00.000Z,1781,Brent Faiyaz,28tlXnStJ1fFhdScmQeLpuG
2022-09-27T00:00:00.000Z,2022-09-26T00:00:00.000Z,3928,Brent Faiyaz,29tlXnStJ1fFhdScmQeLpuG
2022-09-28T00:00:00.000Z,2022-09-27T00:00:00.000Z,2245,Brent Faiyaz,30tlXnStJ1fFhdScmQeLpuG
2022-09-29T00:00:00.000Z,2022-09-28T00:00:00.000Z,10662,Brent Faiyaz,31tlXnStJ1fFhdScmQeLpuG
2022-09-30T00:00:00.000Z,2022-09-29T00:00:00.000Z,4341,Brent Faiyaz,32tlXnStJ1fFhdScmQeLpuG
2022-10-01T00:00:00.000Z,2022-09-30T00:00:00.000Z,2755,Brent Faiyaz,33tlXnStJ1fFhdScmQeLpuG
2022-09-01T00:00:00.000Z,2022-08-31T00:00:00.000Z,69,Bryson Tiller,2EMAnMvWE2eb56ToJVfCWs
2022-09-02T00:00:00.000Z,2022-09-01T00:00:00.000Z,91,Bryson Tiller,3EMAnMvWE2eb56ToJVfCWs
2022-09-03T00:00:00.000Z,2022-09-02T00:00:00.000Z,111,Bryson Tiller,4EMAnMvWE2eb56ToJVfCWs
2022-09-04T00:00:00.000Z,2022-09-03T00:00:00.000Z,34,Bryson Tiller,5EMAnMvWE2eb56ToJVfCWs
2022-09-05T00:00:00.000Z,2022-09-04T00:00:00.000Z,48,Bryson Tiller,6EMAnMvWE2eb56ToJVfCWs
2022-09-06T00:00:00.000Z,2022-09-05T00:00:00.000Z,38,Bryson Tiller,7EMAnMvWE2eb56ToJVfCWs
2022-09-07T00:00:00.000Z,2022-09-06T00:00:00.000Z,54,Bryson Tiller,8EMAnMvWE2eb56ToJVfCWs
2022-09-08T00:00:00.000Z,2022-09-07T00:00:00.000Z,1264,Bryson Tiller,9EMAnMvWE2eb56ToJVfCWs
2022-09-09T00:00:00.000Z,2022-09-08T00:00:00.000Z,1541,Bryson Tiller,10EMAnMvWE2eb56ToJVfCWs
2022-09-10T00:00:00.000Z,2022-09-09T00:00:00.000Z,618,Bryson Tiller,11EMAnMvWE2eb56ToJVfCWs
2022-09-11T00:00:00.000Z,2022-09-10T00:00:00.000Z,403,Bryson Tiller,12EMAnMvWE2eb56ToJVfCWs
2022-09-12T00:00:00.000Z,2022-09-11T00:00:00.000Z,239,Bryson Tiller,13EMAnMvWE2eb56ToJVfCWs
2022-09-13T00:00:00.000Z,2022-09-12T00:00:00.000Z,127,Bryson Tiller,14EMAnMvWE2eb56ToJVfCWs
2022-09-14T00:00:00.000Z,2022-09-13T00:00:00.000Z,91,Bryson Tiller,15EMAnMvWE2eb56ToJVfCWs
2022-09-15T00:00:00.000Z,2022-09-14T00:00:00.000Z,106,Bryson Tiller,16EMAnMvWE2eb56ToJVfCWs
2022-09-16T00:00:00.000Z,2022-09-15T00:00:00.000Z,91,Bryson Tiller,17EMAnMvWE2eb56ToJVfCWs
2022-09-17T00:00:00.000Z,2022-09-16T00:00:00.000Z,145,Bryson Tiller,18EMAnMvWE2eb56ToJVfCWs
2022-09-18T00:00:00.000Z,2022-09-17T00:00:00.000Z,53,Bryson Tiller,19EMAnMvWE2eb56ToJVfCWs
2022-09-19T00:00:00.000Z,2022-09-18T00:00:00.000Z,47,Bryson Tiller,20EMAnMvWE2eb56ToJVfCWs
2022-09-20T00:00:00.000Z,2022-09-19T00:00:00.000Z,58,Bryson Tiller,21EMAnMvWE2eb56ToJVfCWs
2022-09-21T00:00:00.000Z,2022-09-20T00:00:00.000Z,75,Bryson Tiller,22EMAnMvWE2eb56ToJVfCWs
2022-09-22T00:00:00.000Z,2022-09-21T00:00:00.000Z,75,Bryson Tiller,23EMAnMvWE2eb56ToJVfCWs
2022-09-23T00:00:00.000Z,2022-09-22T00:00:00.000Z,63,Bryson Tiller,24EMAnMvWE2eb56ToJVfCWs
2022-09-24T00:00:00.000Z,2022-09-23T00:00:00.000Z,96,Bryson Tiller,25EMAnMvWE2eb56ToJVfCWs
2022-09-25T00:00:00.000Z,2022-09-24T00:00:00.000Z,59,Bryson Tiller,26EMAnMvWE2eb56ToJVfCWs
2022-09-26T00:00:00.000Z,2022-09-25T00:00:00.000Z,116,Bryson Tiller,27EMAnMvWE2eb56ToJVfCWs
2022-09-27T00:00:00.000Z,2022-09-26T00:00:00.000Z,34,Bryson Tiller,28EMAnMvWE2eb56ToJVfCWs
2022-09-28T00:00:00.000Z,2022-09-27T00:00:00.000Z,502,Bryson Tiller,29EMAnMvWE2eb56ToJVfCWs
2022-09-29T00:00:00.000Z,2022-09-28T00:00:00.000Z,191,Bryson Tiller,30EMAnMvWE2eb56ToJVfCWs
2022-09-30T00:00:00.000Z,2022-09-29T00:00:00.000Z,77,Bryson Tiller,31EMAnMvWE2eb56ToJVfCWs
2022-10-01T00:00:00.000Z,2022-09-30T00:00:00.000Z,2180,Bryson Tiller,32EMAnMvWE2eb56ToJVfCWs
2022-09-01T00:00:00.000Z,2022-08-31T00:00:00.000Z,2639,Harry Styles,6KImCVD70vtIoJWnq6nGn3
2022-09-02T00:00:00.000Z,2022-09-01T00:00:00.000Z,4254,Harry Styles,6KImCVD70vtIoJWnq6nGn3
2022-09-03T00:00:00.000Z,2022-09-02T00:00:00.000Z,4637,Harry Styles,6KImCVD70vtIoJWnq6nGn3
2022-09-04T00:00:00.000Z,2022-09-03T00:00:00.000Z,3256,Harry Styles,6KImCVD70vtIoJWnq6nGn3
2022-09-05T00:00:00.000Z,2022-09-04T00:00:00.000Z,8114,Harry Styles,6KImCVD70vtIoJWnq6nGn3
2022-09-06T00:00:00.000Z,2022-09-05T00:00:00.000Z,22309,Harry Styles,6KImCVD70vtIoJWnq6nGn3
2022-09-07T00:00:00.000Z,2022-09-06T00:00:00.000Z,27558,Harry Styles,6KImCVD70vtIoJWnq6nGn3
2022-09-08T00:00:00.000Z,2022-09-07T00:00:00.000Z,8148,Harry Styles,6KImCVD70vtIoJWnq6nGn3
2022-09-09T00:00:00.000Z,2022-09-08T00:00:00.000Z,4271,Harry Styles,6KImCVD70vtIoJWnq6nGn3
2022-09-10T00:00:00.000Z,2022-09-09T00:00:00.000Z,2471,Harry Styles,6KImCVD70vtIoJWnq6nGn3
2022-09-11T00:00:00.000Z,2022-09-10T00:00:00.000Z,2005,Harry Styles,6KImCVD70vtIoJWnq6nGn3
2022-09-12T00:00:00.000Z,2022-09-11T00:00:00.000Z,5895,Harry Styles,6KImCVD70vtIoJWnq6nGn3
2022-09-13T00:00:00.000Z,2022-09-12T00:00:00.000Z,4117,Harry Styles,6KImCVD70vtIoJWnq6nGn3
2022-09-14T00:00:00.000Z,2022-09-13T00:00:00.000Z,7119,Harry Styles,6KImCVD70vtIoJWnq6nGn3
2022-09-15T00:00:00.000Z,2022-09-14T00:00:00.000Z,4777,Harry Styles,6KImCVD70vtIoJWnq6nGn3
2022-09-16T00:00:00.000Z,2022-09-15T00:00:00.000Z,2520,Harry Styles,6KImCVD70vtIoJWnq6nGn3
2022-09-17T00:00:00.000Z,2022-09-16T00:00:00.000Z,2344,Harry Styles,6KImCVD70vtIoJWnq6nGn3
2022-09-18T00:00:00.000Z,2022-09-17T00:00:00.000Z,2324,Harry Styles,6KImCVD70vtIoJWnq6nGn3
2022-09-19T00:00:00.000Z,2022-09-18T00:00:00.000Z,2912,Harry Styles,6KImCVD70vtIoJWnq6nGn3
2022-09-20T00:00:00.000Z,2022-09-19T00:00:00.000Z,5694,Harry Styles,6KImCVD70vtIoJWnq6nGn3
2022-09-21T00:00:00.000Z,2022-09-20T00:00:00.000Z,5782,Harry Styles,6KImCVD70vtIoJWnq6nGn3
2022-09-22T00:00:00.000Z,2022-09-21T00:00:00.000Z,3641,Harry Styles,6KImCVD70vtIoJWnq6nGn3
2022-09-23T00:00:00.000Z,2022-09-22T00:00:00.000Z,5607,Harry Styles,6KImCVD70vtIoJWnq6nGn3
2022-09-24T00:00:00.000Z,2022-09-23T00:00:00.000Z,3860,Harry Styles,6KImCVD70vtIoJWnq6nGn3
2022-09-25T00:00:00.000Z,2022-09-24T00:00:00.000Z,3510,Harry Styles,6KImCVD70vtIoJWnq6nGn3
2022-09-26T00:00:00.000Z,2022-09-25T00:00:00.000Z,2562,Harry Styles,6KImCVD70vtIoJWnq6nGn3
2022-09-27T00:00:00.000Z,2022-09-26T00:00:00.000Z,3596,Harry Styles,6KImCVD70vtIoJWnq6nGn3
2022-09-28T00:00:00.000Z,2022-09-27T00:00:00.000Z,3789,Harry Styles,6KImCVD70vtIoJWnq6nGn3
2022-09-29T00:00:00.000Z,2022-09-28T00:00:00.000Z,3226,Harry Styles,6KImCVD70vtIoJWnq6nGn3
2022-09-30T00:00:00.000Z,2022-09-29T00:00:00.000Z,2740,Harry Styles,6KImCVD70vtIoJWnq6nGn3
2022-10-01T00:00:00.000Z,2022-09-30T00:00:00.000Z,4227,Harry Styles,6KImCVD70vtIoJWnq6nGn3
2022-09-01T00:00:00.000Z,2022-08-31T00:00:00.000Z,6352,J.Cole,6l3HvQ5sa6mXTsMTB19rO5
2022-09-02T00:00:00.000Z,2022-09-01T00:00:00.000Z,24428,J.Cole,6l3HvQ5sa6mXTsMTB19rO5
2022-09-03T00:00:00.000Z,2022-09-02T00:00:00.000Z,10549,J.Cole,6l3HvQ5sa6mXTsMTB19rO5
2022-09-04T00:00:00.000Z,2022-09-03T00:00:00.000Z,4543,J.Cole,6l3HvQ5sa6mXTsMTB19rO5
2022-09-05T00:00:00.000Z,2022-09-04T00:00:00.000Z,4242,J.Cole,6l3HvQ5sa6mXTsMTB19rO5
2022-09-06T00:00:00.000Z,2022-09-05T00:00:00.000Z,7568,J.Cole,6l3HvQ5sa6mXTsMTB19rO5
2022-09-07T00:00:00.000Z,2022-09-06T00:00:00.000Z,5056,J.Cole,6l3HvQ5sa6mXTsMTB19rO5
2022-09-08T00:00:00.000Z,2022-09-07T00:00:00.000Z,2232,J.Cole,6l3HvQ5sa6mXTsMTB19rO5
2022-09-09T00:00:00.000Z,2022-09-08T00:00:00.000Z,2880,J.Cole,6l3HvQ5sa6mXTsMTB19rO5
2022-09-10T00:00:00.000Z,2022-09-09T00:00:00.000Z,5621,J.Cole,6l3HvQ5sa6mXTsMTB19rO5
2022-09-11T00:00:00.000Z,2022-09-10T00:00:00.000Z,7086,J.Cole,6l3HvQ5sa6mXTsMTB19rO5
2022-09-12T00:00:00.000Z,2022-09-11T00:00:00.000Z,3937,J.Cole,6l3HvQ5sa6mXTsMTB19rO5
2022-09-13T00:00:00.000Z,2022-09-12T00:00:00.000Z,3511,J.Cole,6l3HvQ5sa6mXTsMTB19rO5
2022-09-14T00:00:00.000Z,2022-09-13T00:00:00.000Z,4418,J.Cole,6l3HvQ5sa6mXTsMTB19rO5
2022-09-15T00:00:00.000Z,2022-09-14T00:00:00.000Z,5642,J.Cole,6l3HvQ5sa6mXTsMTB19rO5
2022-09-16T00:00:00.000Z,2022-09-15T00:00:00.000Z,15480,J.Cole,6l3HvQ5sa6mXTsMTB19rO5
2022-09-17T00:00:00.000Z,2022-09-16T00:00:00.000Z,11798,J.Cole,6l3HvQ5sa6mXTsMTB19rO5
2022-09-18T00:00:00.000Z,2022-09-17T00:00:00.000Z,4374,J.Cole,6l3HvQ5sa6mXTsMTB19rO5
2022-09-19T00:00:00.000Z,2022-09-18T00:00:00.000Z,4712,J.Cole,6l3HvQ5sa6mXTsMTB19rO5
2022-09-20T00:00:00.000Z,2022-09-19T00:00:00.000Z,9470,J.Cole,6l3HvQ5sa6mXTsMTB19rO5
2022-09-21T00:00:00.000Z,2022-09-20T00:00:00.000Z,4303,J.Cole,6l3HvQ5sa6mXTsMTB19rO5
2022-09-22T00:00:00.000Z,2022-09-21T00:00:00.000Z,3895,J.Cole,6l3HvQ5sa6mXTsMTB19rO5
2022-09-23T00:00:00.000Z,2022-09-22T00:00:00.000Z,18936,J.Cole,6l3HvQ5sa6mXTsMTB19rO5
2022-09-24T00:00:00.000Z,2022-09-23T00:00:00.000Z,9504,J.Cole,6l3HvQ5sa6mXTsMTB19rO5
2022-09-25T00:00:00.000Z,2022-09-24T00:00:00.000Z,4072,J.Cole,6l3HvQ5sa6mXTsMTB19rO5
2022-09-26T00:00:00.000Z,2022-09-25T00:00:00.000Z,4765,J.Cole,6l3HvQ5sa6mXTsMTB19rO5
2022-09-27T00:00:00.000Z,2022-09-26T00:00:00.000Z,3713,J.Cole,6l3HvQ5sa6mXTsMTB19rO5
2022-09-28T00:00:00.000Z,2022-09-27T00:00:00.000Z,5001,J.Cole,6l3HvQ5sa6mXTsMTB19rO5
2022-09-29T00:00:00.000Z,2022-09-28T00:00:00.000Z,6231,J.Cole,6l3HvQ5sa6mXTsMTB19rO5
2022-09-30T00:00:00.000Z,2022-09-29T00:00:00.000Z,5610,J.Cole,6l3HvQ5sa6mXTsMTB19rO5
2022-10-01T00:00:00.000Z,2022-09-30T00:00:00.000Z,7487,J.Cole,6l3HvQ5sa6mXTsMTB19rO5
2022-09-01T00:00:00.000Z,2022-08-31T00:00:00.000Z,2861,John Legend,5y2Xq6xcjJb2jVM54GHK3t
2022-09-02T00:00:00.000Z,2022-09-01T00:00:00.000Z,717,John Legend,6y2Xq6xcjJb2jVM54GHK3t
2022-09-03T00:00:00.000Z,2022-09-02T00:00:00.000Z,64462,John Legend,7y2Xq6xcjJb2jVM54GHK3t
2022-09-04T00:00:00.000Z,2022-09-03T00:00:00.000Z,37746,John Legend,8y2Xq6xcjJb2jVM54GHK3t
2022-09-05T00:00:00.000Z,2022-09-04T00:00:00.000Z,10358,John Legend,9y2Xq6xcjJb2jVM54GHK3t
2022-09-06T00:00:00.000Z,2022-09-05T00:00:00.000Z,4139,John Legend,10y2Xq6xcjJb2jVM54GHK3t
2022-09-07T00:00:00.000Z,2022-09-06T00:00:00.000Z,2499,John Legend,11y2Xq6xcjJb2jVM54GHK3t
2022-09-08T00:00:00.000Z,2022-09-07T00:00:00.000Z,1189,John Legend,12y2Xq6xcjJb2jVM54GHK3t
2022-09-09T00:00:00.000Z,2022-09-08T00:00:00.000Z,1345,John Legend,13y2Xq6xcjJb2jVM54GHK3t
2022-09-10T00:00:00.000Z,2022-09-09T00:00:00.000Z,3453,John Legend,14y2Xq6xcjJb2jVM54GHK3t
2022-09-11T00:00:00.000Z,2022-09-10T00:00:00.000Z,1687,John Legend,15y2Xq6xcjJb2jVM54GHK3t
2022-09-12T00:00:00.000Z,2022-09-11T00:00:00.000Z,643,John Legend,16y2Xq6xcjJb2jVM54GHK3t
2022-09-13T00:00:00.000Z,2022-09-12T00:00:00.000Z,802,John Legend,17y2Xq6xcjJb2jVM54GHK3t
2022-09-14T00:00:00.000Z,2022-09-13T00:00:00.000Z,1466,John Legend,18y2Xq6xcjJb2jVM54GHK3t
2022-09-15T00:00:00.000Z,2022-09-14T00:00:00.000Z,1646,John Legend,19y2Xq6xcjJb2jVM54GHK3t
2022-09-16T00:00:00.000Z,2022-09-15T00:00:00.000Z,1746,John Legend,20y2Xq6xcjJb2jVM54GHK3t
2022-09-17T00:00:00.000Z,2022-09-16T00:00:00.000Z,1090,John Legend,21y2Xq6xcjJb2jVM54GHK3t
2022-09-18T00:00:00.000Z,2022-09-17T00:00:00.000Z,710,John Legend,22y2Xq6xcjJb2jVM54GHK3t
2022-09-19T00:00:00.000Z,2022-09-18T00:00:00.000Z,521,John Legend,23y2Xq6xcjJb2jVM54GHK3t
2022-09-20T00:00:00.000Z,2022-09-19T00:00:00.000Z,12466,John Legend,24y2Xq6xcjJb2jVM54GHK3t
2022-09-21T00:00:00.000Z,2022-09-20T00:00:00.000Z,11536,John Legend,25y2Xq6xcjJb2jVM54GHK3t
2022-09-22T00:00:00.000Z,2022-09-21T00:00:00.000Z,3503,John Legend,26y2Xq6xcjJb2jVM54GHK3t
2022-09-23T00:00:00.000Z,2022-09-22T00:00:00.000Z,1102,John Legend,27y2Xq6xcjJb2jVM54GHK3t
2022-09-24T00:00:00.000Z,2022-09-23T00:00:00.000Z,1427,John Legend,28y2Xq6xcjJb2jVM54GHK3t
2022-09-25T00:00:00.000Z,2022-09-24T00:00:00.000Z,7333,John Legend,29y2Xq6xcjJb2jVM54GHK3t
2022-09-26T00:00:00.000Z,2022-09-25T00:00:00.000Z,6536,John Legend,30y2Xq6xcjJb2jVM54GHK3t
2022-09-27T00:00:00.000Z,2022-09-26T00:00:00.000Z,4219,John Legend,31y2Xq6xcjJb2jVM54GHK3t
2022-09-28T00:00:00.000Z,2022-09-27T00:00:00.000Z,3747,John Legend,32y2Xq6xcjJb2jVM54GHK3t
2022-09-29T00:00:00.000Z,2022-09-28T00:00:00.000Z,1577,John Legend,33y2Xq6xcjJb2jVM54GHK3t
2022-09-30T00:00:00.000Z,2022-09-29T00:00:00.000Z,829,John Legend,34y2Xq6xcjJb2jVM54GHK3t
2022-10-01T00:00:00.000Z,2022-09-30T00:00:00.000Z,1719,John Legend,35y2Xq6xcjJb2jVM54GHK3t
2022-09-01T00:00:00.000Z,2022-08-31T00:00:00.000Z,27,Majid Jordan,4HzKw8XcD0piJmDrrPRCYk
2022-09-02T00:00:00.000Z,2022-09-01T00:00:00.000Z,40,Majid Jordan,5HzKw8XcD0piJmDrrPRCYk
2022-09-03T00:00:00.000Z,2022-09-02T00:00:00.000Z,8,Majid Jordan,6HzKw8XcD0piJmDrrPRCYk
2022-09-04T00:00:00.000Z,2022-09-03T00:00:00.000Z,14,Majid Jordan,7HzKw8XcD0piJmDrrPRCYk
2022-09-05T00:00:00.000Z,2022-09-04T00:00:00.000Z,8,Majid Jordan,8HzKw8XcD0piJmDrrPRCYk
2022-09-06T00:00:00.000Z,2022-09-05T00:00:00.000Z,7,Majid Jordan,9HzKw8XcD0piJmDrrPRCYk
2022-09-07T00:00:00.000Z,2022-09-06T00:00:00.000Z,12,Majid Jordan,10HzKw8XcD0piJmDrrPRCYk
2022-09-08T00:00:00.000Z,2022-09-07T00:00:00.000Z,13,Majid Jordan,11HzKw8XcD0piJmDrrPRCYk
2022-09-09T00:00:00.000Z,2022-09-08T00:00:00.000Z,6,Majid Jordan,12HzKw8XcD0piJmDrrPRCYk
2022-09-10T00:00:00.000Z,2022-09-09T00:00:00.000Z,15,Majid Jordan,13HzKw8XcD0piJmDrrPRCYk
2022-09-11T00:00:00.000Z,2022-09-10T00:00:00.000Z,4,Majid Jordan,14HzKw8XcD0piJmDrrPRCYk
2022-09-12T00:00:00.000Z,2022-09-11T00:00:00.000Z,7,Majid Jordan,15HzKw8XcD0piJmDrrPRCYk
2022-09-13T00:00:00.000Z,2022-09-12T00:00:00.000Z,5,Majid Jordan,16HzKw8XcD0piJmDrrPRCYk
2022-09-14T00:00:00.000Z,2022-09-13T00:00:00.000Z,10,Majid Jordan,17HzKw8XcD0piJmDrrPRCYk
2022-09-15T00:00:00.000Z,2022-09-14T00:00:00.000Z,4,Majid Jordan,18HzKw8XcD0piJmDrrPRCYk
2022-09-16T00:00:00.000Z,2022-09-15T00:00:00.000Z,9,Majid Jordan,19HzKw8XcD0piJmDrrPRCYk
2022-09-17T00:00:00.000Z,2022-09-16T00:00:00.000Z,17,Majid Jordan,20HzKw8XcD0piJmDrrPRCYk
2022-09-18T00:00:00.000Z,2022-09-17T00:00:00.000Z,15,Majid Jordan,21HzKw8XcD0piJmDrrPRCYk
2022-09-19T00:00:00.000Z,2022-09-18T00:00:00.000Z,5,Majid Jordan,22HzKw8XcD0piJmDrrPRCYk
2022-09-20T00:00:00.000Z,2022-09-19T00:00:00.000Z,13,Majid Jordan,23HzKw8XcD0piJmDrrPRCYk
2022-09-21T00:00:00.000Z,2022-09-20T00:00:00.000Z,8,Majid Jordan,24HzKw8XcD0piJmDrrPRCYk
2022-09-22T00:00:00.000Z,2022-09-21T00:00:00.000Z,9,Majid Jordan,25HzKw8XcD0piJmDrrPRCYk
2022-09-23T00:00:00.000Z,2022-09-22T00:00:00.000Z,15,Majid Jordan,26HzKw8XcD0piJmDrrPRCYk
2022-09-24T00:00:00.000Z,2022-09-23T00:00:00.000Z,11,Majid Jordan,27HzKw8XcD0piJmDrrPRCYk
2022-09-25T00:00:00.000Z,2022-09-24T00:00:00.000Z,13,Majid Jordan,28HzKw8XcD0piJmDrrPRCYk
2022-09-26T00:00:00.000Z,2022-09-25T00:00:00.000Z,4,Majid Jordan,29HzKw8XcD0piJmDrrPRCYk
2022-09-27T00:00:00.000Z,2022-09-26T00:00:00.000Z,9,Majid Jordan,30HzKw8XcD0piJmDrrPRCYk
2022-09-28T00:00:00.000Z,2022-09-27T00:00:00.000Z,40,Majid Jordan,31HzKw8XcD0piJmDrrPRCYk
2022-09-29T00:00:00.000Z,2022-09-28T00:00:00.000Z,16,Majid Jordan,32HzKw8XcD0piJmDrrPRCYk
2022-09-30T00:00:00.000Z,2022-09-29T00:00:00.000Z,8,Majid Jordan,33HzKw8XcD0piJmDrrPRCYk
2022-10-01T00:00:00.000Z,2022-09-30T00:00:00.000Z,12,Majid Jordan,34HzKw8XcD0piJmDrrPRCYk
2022-09-01T00:00:00.000Z,2022-08-31T00:00:00.000Z,4354,One Republic,5Pwc4xIPtQLFEnJriah9YJ
2022-09-02T00:00:00.000Z,2022-09-01T00:00:00.000Z,1481,One Republic,6Pwc4xIPtQLFEnJriah9YJ
2022-09-03T00:00:00.000Z,2022-09-02T00:00:00.000Z,1790,One Republic,7Pwc4xIPtQLFEnJriah9YJ
2022-09-04T00:00:00.000Z,2022-09-03T00:00:00.000Z,1753,One Republic,8Pwc4xIPtQLFEnJriah9YJ
2022-09-05T00:00:00.000Z,2022-09-04T00:00:00.000Z,1182,One Republic,9Pwc4xIPtQLFEnJriah9YJ
2022-09-06T00:00:00.000Z,2022-09-05T00:00:00.000Z,751,One Republic,10Pwc4xIPtQLFEnJriah9YJ
2022-09-07T00:00:00.000Z,2022-09-06T00:00:00.000Z,1397,One Republic,11Pwc4xIPtQLFEnJriah9YJ
2022-09-08T00:00:00.000Z,2022-09-07T00:00:00.000Z,632,One Republic,12Pwc4xIPtQLFEnJriah9YJ
2022-09-09T00:00:00.000Z,2022-09-08T00:00:00.000Z,446,One Republic,13Pwc4xIPtQLFEnJriah9YJ
2022-09-10T00:00:00.000Z,2022-09-09T00:00:00.000Z,591,One Republic,14Pwc4xIPtQLFEnJriah9YJ
2022-09-11T00:00:00.000Z,2022-09-10T00:00:00.000Z,693,One Republic,15Pwc4xIPtQLFEnJriah9YJ
2022-09-12T00:00:00.000Z,2022-09-11T00:00:00.000Z,623,One Republic,16Pwc4xIPtQLFEnJriah9YJ
2022-09-13T00:00:00.000Z,2022-09-12T00:00:00.000Z,1753,One Republic,17Pwc4xIPtQLFEnJriah9YJ
2022-09-14T00:00:00.000Z,2022-09-13T00:00:00.000Z,921,One Republic,18Pwc4xIPtQLFEnJriah9YJ
2022-09-15T00:00:00.000Z,2022-09-14T00:00:00.000Z,604,One Republic,19Pwc4xIPtQLFEnJriah9YJ
2022-09-16T00:00:00.000Z,2022-09-15T00:00:00.000Z,1328,One Republic,20Pwc4xIPtQLFEnJriah9YJ
2022-09-17T00:00:00.000Z,2022-09-16T00:00:00.000Z,1462,One Republic,21Pwc4xIPtQLFEnJriah9YJ
2022-09-18T00:00:00.000Z,2022-09-17T00:00:00.000Z,1678,One Republic,22Pwc4xIPtQLFEnJriah9YJ
2022-09-19T00:00:00.000Z,2022-09-18T00:00:00.000Z,1563,One Republic,23Pwc4xIPtQLFEnJriah9YJ
2022-09-20T00:00:00.000Z,2022-09-19T00:00:00.000Z,841,One Republic,24Pwc4xIPtQLFEnJriah9YJ
2022-09-21T00:00:00.000Z,2022-09-20T00:00:00.000Z,1269,One Republic,25Pwc4xIPtQLFEnJriah9YJ
2022-09-22T00:00:00.000Z,2022-09-21T00:00:00.000Z,3492,One Republic,26Pwc4xIPtQLFEnJriah9YJ
2022-09-23T00:00:00.000Z,2022-09-22T00:00:00.000Z,3089,One Republic,27Pwc4xIPtQLFEnJriah9YJ
2022-09-24T00:00:00.000Z,2022-09-23T00:00:00.000Z,2490,One Republic,28Pwc4xIPtQLFEnJriah9YJ
2022-09-25T00:00:00.000Z,2022-09-24T00:00:00.000Z,1008,One Republic,29Pwc4xIPtQLFEnJriah9YJ
2022-09-26T00:00:00.000Z,2022-09-25T00:00:00.000Z,1156,One Republic,30Pwc4xIPtQLFEnJriah9YJ
2022-09-27T00:00:00.000Z,2022-09-26T00:00:00.000Z,2422,One Republic,31Pwc4xIPtQLFEnJriah9YJ
2022-09-28T00:00:00.000Z,2022-09-27T00:00:00.000Z,1311,One Republic,32Pwc4xIPtQLFEnJriah9YJ
2022-09-29T00:00:00.000Z,2022-09-28T00:00:00.000Z,844,One Republic,33Pwc4xIPtQLFEnJriah9YJ
2022-09-30T00:00:00.000Z,2022-09-29T00:00:00.000Z,3289,One Republic,34Pwc4xIPtQLFEnJriah9YJ
2022-10-01T00:00:00.000Z,2022-09-30T00:00:00.000Z,2012,One Republic,35Pwc4xIPtQLFEnJriah9YJ
2022-09-01T00:00:00.000Z,2022-08-31T00:00:00.000Z,496,PARTYNEXTDOOR,2HPaUgqeutzr3jx5a9WyDV
2022-09-02T00:00:00.000Z,2022-09-01T00:00:00.000Z,467,PARTYNEXTDOOR,3HPaUgqeutzr3jx5a9WyDV
2022-09-03T00:00:00.000Z,2022-09-02T00:00:00.000Z,1047,PARTYNEXTDOOR,4HPaUgqeutzr3jx5a9WyDV
2022-09-04T00:00:00.000Z,2022-09-03T00:00:00.000Z,401,PARTYNEXTDOOR,5HPaUgqeutzr3jx5a9WyDV
2022-09-05T00:00:00.000Z,2022-09-04T00:00:00.000Z,226,PARTYNEXTDOOR,6HPaUgqeutzr3jx5a9WyDV
2022-09-06T00:00:00.000Z,2022-09-05T00:00:00.000Z,2104,PARTYNEXTDOOR,7HPaUgqeutzr3jx5a9WyDV
2022-09-07T00:00:00.000Z,2022-09-06T00:00:00.000Z,824,PARTYNEXTDOOR,8HPaUgqeutzr3jx5a9WyDV
2022-09-08T00:00:00.000Z,2022-09-07T00:00:00.000Z,472,PARTYNEXTDOOR,9HPaUgqeutzr3jx5a9WyDV
2022-09-09T00:00:00.000Z,2022-09-08T00:00:00.000Z,274,PARTYNEXTDOOR,10HPaUgqeutzr3jx5a9WyDV
2022-09-10T00:00:00.000Z,2022-09-09T00:00:00.000Z,229,PARTYNEXTDOOR,11HPaUgqeutzr3jx5a9WyDV
2022-09-11T00:00:00.000Z,2022-09-10T00:00:00.000Z,243,PARTYNEXTDOOR,12HPaUgqeutzr3jx5a9WyDV
2022-09-12T00:00:00.000Z,2022-09-11T00:00:00.000Z,255,PARTYNEXTDOOR,13HPaUgqeutzr3jx5a9WyDV
2022-09-13T00:00:00.000Z,2022-09-12T00:00:00.000Z,286,PARTYNEXTDOOR,14HPaUgqeutzr3jx5a9WyDV
2022-09-14T00:00:00.000Z,2022-09-13T00:00:00.000Z,787,PARTYNEXTDOOR,15HPaUgqeutzr3jx5a9WyDV
2022-09-15T00:00:00.000Z,2022-09-14T00:00:00.000Z,1133,PARTYNEXTDOOR,16HPaUgqeutzr3jx5a9WyDV
2022-09-16T00:00:00.000Z,2022-09-15T00:00:00.000Z,628,PARTYNEXTDOOR,17HPaUgqeutzr3jx5a9WyDV
2022-09-17T00:00:00.000Z,2022-09-16T00:00:00.000Z,2444,PARTYNEXTDOOR,18HPaUgqeutzr3jx5a9WyDV
2022-09-18T00:00:00.000Z,2022-09-17T00:00:00.000Z,9740,PARTYNEXTDOOR,19HPaUgqeutzr3jx5a9WyDV
2022-09-19T00:00:00.000Z,2022-09-18T00:00:00.000Z,4520,PARTYNEXTDOOR,20HPaUgqeutzr3jx5a9WyDV
2022-09-20T00:00:00.000Z,2022-09-19T00:00:00.000Z,1109,PARTYNEXTDOOR,21HPaUgqeutzr3jx5a9WyDV
2022-09-21T00:00:00.000Z,2022-09-20T00:00:00.000Z,424,PARTYNEXTDOOR,22HPaUgqeutzr3jx5a9WyDV
2022-09-22T00:00:00.000Z,2022-09-21T00:00:00.000Z,381,PARTYNEXTDOOR,23HPaUgqeutzr3jx5a9WyDV
2022-09-23T00:00:00.000Z,2022-09-22T00:00:00.000Z,358,PARTYNEXTDOOR,24HPaUgqeutzr3jx5a9WyDV
2022-09-24T00:00:00.000Z,2022-09-23T00:00:00.000Z,304,PARTYNEXTDOOR,25HPaUgqeutzr3jx5a9WyDV
2022-09-25T00:00:00.000Z,2022-09-24T00:00:00.000Z,361,PARTYNEXTDOOR,26HPaUgqeutzr3jx5a9WyDV
2022-09-26T00:00:00.000Z,2022-09-25T00:00:00.000Z,300,PARTYNEXTDOOR,27HPaUgqeutzr3jx5a9WyDV
2022-09-27T00:00:00.000Z,2022-09-26T00:00:00.000Z,281,PARTYNEXTDOOR,28HPaUgqeutzr3jx5a9WyDV
2022-09-28T00:00:00.000Z,2022-09-27T00:00:00.000Z,277,PARTYNEXTDOOR,29HPaUgqeutzr3jx5a9WyDV
2022-09-29T00:00:00.000Z,2022-09-28T00:00:00.000Z,326,PARTYNEXTDOOR,30HPaUgqeutzr3jx5a9WyDV
2022-09-30T00:00:00.000Z,2022-09-29T00:00:00.000Z,516,PARTYNEXTDOOR,31HPaUgqeutzr3jx5a9WyDV
2022-10-01T00:00:00.000Z,2022-09-30T00:00:00.000Z,339,PARTYNEXTDOOR,32HPaUgqeutzr3jx5a9WyDV
2022-09-01T00:00:00.000Z,2022-08-31T00:00:00.000Z,524,The Weeknd,1Xyo4u8uXC1ZmMpatF05PJ
2022-09-02T00:00:00.000Z,2022-09-01T00:00:00.000Z,339,The Weeknd,2Xyo4u8uXC1ZmMpatF05PJ
2022-09-03T00:00:00.000Z,2022-09-02T00:00:00.000Z,326,The Weeknd,3Xyo4u8uXC1ZmMpatF05PJ
2022-09-04T00:00:00.000Z,2022-09-03T00:00:00.000Z,528,The Weeknd,4Xyo4u8uXC1ZmMpatF05PJ
2022-09-05T00:00:00.000Z,2022-09-04T00:00:00.000Z,2801,The Weeknd,5Xyo4u8uXC1ZmMpatF05PJ
2022-09-06T00:00:00.000Z,2022-09-05T00:00:00.000Z,1237,The Weeknd,6Xyo4u8uXC1ZmMpatF05PJ
2022-09-07T00:00:00.000Z,2022-09-06T00:00:00.000Z,641,The Weeknd,7Xyo4u8uXC1ZmMpatF05PJ
2022-09-08T00:00:00.000Z,2022-09-07T00:00:00.000Z,291,The Weeknd,8Xyo4u8uXC1ZmMpatF05PJ
2022-09-09T00:00:00.000Z,2022-09-08T00:00:00.000Z,441,The Weeknd,9Xyo4u8uXC1ZmMpatF05PJ
2022-09-10T00:00:00.000Z,2022-09-09T00:00:00.000Z,836,The Weeknd,10Xyo4u8uXC1ZmMpatF05PJ
2022-09-11T00:00:00.000Z,2022-09-10T00:00:00.000Z,333,The Weeknd,11Xyo4u8uXC1ZmMpatF05PJ
2022-09-12T00:00:00.000Z,2022-09-11T00:00:00.000Z,165,The Weeknd,12Xyo4u8uXC1ZmMpatF05PJ
2022-09-13T00:00:00.000Z,2022-09-12T00:00:00.000Z,374,The Weeknd,13Xyo4u8uXC1ZmMpatF05PJ
2022-09-14T00:00:00.000Z,2022-09-13T00:00:00.000Z,182,The Weeknd,14Xyo4u8uXC1ZmMpatF05PJ
2022-09-15T00:00:00.000Z,2022-09-14T00:00:00.000Z,249,The Weeknd,15Xyo4u8uXC1ZmMpatF05PJ
2022-09-16T00:00:00.000Z,2022-09-15T00:00:00.000Z,302,The Weeknd,16Xyo4u8uXC1ZmMpatF05PJ
2022-09-17T00:00:00.000Z,2022-09-16T00:00:00.000Z,205,The Weeknd,17Xyo4u8uXC1ZmMpatF05PJ
2022-09-18T00:00:00.000Z,2022-09-17T00:00:00.000Z,209,The Weeknd,18Xyo4u8uXC1ZmMpatF05PJ
2022-09-19T00:00:00.000Z,2022-09-18T00:00:00.000Z,197,The Weeknd,19Xyo4u8uXC1ZmMpatF05PJ
2022-09-20T00:00:00.000Z,2022-09-19T00:00:00.000Z,2032,The Weeknd,20Xyo4u8uXC1ZmMpatF05PJ
2022-09-21T00:00:00.000Z,2022-09-20T00:00:00.000Z,736,The Weeknd,21Xyo4u8uXC1ZmMpatF05PJ
2022-09-22T00:00:00.000Z,2022-09-21T00:00:00.000Z,387,The Weeknd,22Xyo4u8uXC1ZmMpatF05PJ
2022-09-23T00:00:00.000Z,2022-09-22T00:00:00.000Z,558,The Weeknd,23Xyo4u8uXC1ZmMpatF05PJ
2022-09-24T00:00:00.000Z,2022-09-23T00:00:00.000Z,1321,The Weeknd,24Xyo4u8uXC1ZmMpatF05PJ
2022-09-25T00:00:00.000Z,2022-09-24T00:00:00.000Z,1645,The Weeknd,25Xyo4u8uXC1ZmMpatF05PJ
2022-09-26T00:00:00.000Z,2022-09-25T00:00:00.000Z,1198,The Weeknd,26Xyo4u8uXC1ZmMpatF05PJ
2022-09-27T00:00:00.000Z,2022-09-26T00:00:00.000Z,903,The Weeknd,27Xyo4u8uXC1ZmMpatF05PJ
2022-09-28T00:00:00.000Z,2022-09-27T00:00:00.000Z,467,The Weeknd,28Xyo4u8uXC1ZmMpatF05PJ
2022-09-29T00:00:00.000Z,2022-09-28T00:00:00.000Z,432,The Weeknd,29Xyo4u8uXC1ZmMpatF05PJ
2022-09-30T00:00:00.000Z,2022-09-29T00:00:00.000Z,451,The Weeknd,30Xyo4u8uXC1ZmMpatF05PJ
2022-10-01T00:00:00.000Z,2022-09-30T00:00:00.000Z,482,The Weeknd,31Xyo4u8uXC1ZmMpatF05PJ
